,0
0,arbre anthropophage tout fauxquelque annes plus tard journal current literature rvl canular lech arbre exister poque public friand rcits explorateur livingston brazza marqu esprit souligne jean buard docteur science information science quest larbre anthropophage rsquo arbre anthropophage appeared first intresse curiosit continu
1,flash curiosit fourmi plus rapide monde dcouverte plante habitable tude nouveau site archologiqu encore photo potentiel ovni rdaction intresse propose brves curieux dveloppe deux minute ligne science flash curiosite flash curiosit appeared first intresse curiosit continu
2,voir vraiment filer avant mourir dcouvrez passer quand mourir cliquer iciselon chercheur certains visualiser quelque scne pass tandis autre impression revoir intgralement point varier aussi entre sensation revivre moment science voir vraiment defiler avant mourir voir vraiment dfiler avant mourir appeared first intresse curiosit continu
3,grand myst matir noir salon table canap quelque fauteuil tlvision bref quantit dnombrabl objet pouvoir numrer imaginer instant dise ralit salon remplir fatras objet divers milieu duquel canap science grand mystere matiere noir grand mystre matire noir appeared first intresse curiosit continu
4,quoi constitu empreindre digital matire mlange sueur sbum acide lactique acide amin protine minral recouvrir crte peau doigt paume mains plante pied quelque jour plusieurs annesselon surface lisse poreux condition con science quoi constituees empreindre digital quoi constitue empreinte digital appeared first intresse curiosit continu
5,pouvoir utiliser smartphone temps orage principe fonctionnement smartphone augmente risque frapp foudre mission radio unsmartphon incapable attirer guider foudre vers leur source mission taire antenne relai utiliser type onde science pouvoir utiliser smartphone temps dorage pouvoir utiliser smartphone temps rsquo orage appeared first intresse curiosit continu
6,aveugle voir noir contrairement pouvoir penser ccit plonger forcment nuire monochrome certain aveugle dcrivent vision nuance gris autre couleur diffrente chaque variable selon motion fatigue autre encore voir scintillement science aveugle voir noir aveugle voir noir appeared first intresse curiosit continu
7,bact rie devoir apparaître quelque milliard anne bactrie leur lointain cousin arche temps coloniser tout milieu aujourd micro organisme partout trouve enfouis driver lac rivire flottant science bacterie devoir bactries devoir appeared first intresse curiosit continu
8,flash curiosit fourmi plus rapide monde dcouverte plante habitable tude nouveau site archologiqu encore photo potentiel ovni rdaction intresse propose brves curieux dveloppe deux minute ligne science flash curiosite flash curiosit appeared first intresse curiosit continu
9,tourisme spatial quand plaisir quelque polluer plan tout roland lehoucq commissariat nergie atomique nergie alternatif emmanuell universit pari saclay franoi graner universit parisen septembre milliardaire japonais yusaku maezawa achet elon musk service systme starship entreprise spac science tourisme spatial quand plaisir quelque polluer planete tout tourisme spatial quand lesplaisir dequelque polluer plantedetous appeared first intresse curiosit continu
10,antarctique trou couche ozone passer taille continent essentiel terr situe stratosphr couche ozone agir comme bouclier protg tre vivant rayon ultraviolet produit soleil depuis anne scientifique dcouvert ce couche appauvrir science antarctique trou couche dozon depass deja taille continent antarctique trou couche rsquo ozone dper taille continent appeared first intresse curiosit continu
11,sommeil paradoxal contrario rythme respiratoire pouls augmenter lectrncphalogramme rvlerait ailleurs activit crbral comble aussi intensmer voire plus pendant veil pourtant dormir quel troisime fonctionnement science quest sommeil paradoxal rsquo sommeil paradoxal appeared first intresse curiosit continu
12,pourquoi homme endormir avoir faire amour apr clin femme gnralement forme prolonger moment intimit diffremment leur compagnon surtout besoin rcuprer aussi exasprant ce situation pouvoir plus normal physiologiquement comme souvent lorsque organis science pourquoi homme sendorment apres avoir faire lamour pourquoi homme rsquo endormir aprs avoir faire rsquo amour appeared first intresse curiosit continu
13,flash curiosit fourmi plus rapide monde dcouverte plante habitable tude nouveau site archologiqu encore photo potentiel ovni rdaction intresse propose brves curieux dveloppe deux minute ligne science flash curiosite flash curiosit appeared first intresse curiosit continu
14,transport solvez casse participant souffrir transport entrans quinze minute quotidiennement pendant quatorze jour raliser exercice habilet visuospatial mettre preuve capacit cerveau reprsenter espace deux trois dimension comment chercher science transport resolvez cass tet transports rsolvez casser appeared first intresse curiosit continu
15,chinois evergrand menac faillite march mondial plomb spectr lehman chinois peur contagion crise immobilier chinois evergrand stresser march mondial lundi confront doute concerner perspectif croissance inflation
16,epargner pension voici quelque formule fiscalement avantageux belge craindre ficier pension complet diane tout pension salari janvier taire euro brut savoir exactement combien ver avenir ainsi tout personne souhaite conserver marge uvre financi suffisant retraite devoir constituer petit compl mentir pendant carri professionnel possibilit manquer lui souvent assortir incitation fiscal dessou guide epargne formule fiscalement avantageux contexte
17,deux ation vendre neuf deux paysage audiovisuel francophone information mettre vente
18,possible ressant contracter hypoth cair ligne depuis plusieurs banque digitalisent rapidement sormais pouvoir facilement gler aide banque ligne application mobile service lesquel devoir rendre agence bancaire autrefois exception ce hypoth cair lequel devoir encore rendre agence bancaire toutefois certain banque permettre gler immobilier enti rement ligne guid epargne explique quoi devoir tenir compte
19,duire horeca octobre duire horeca expirer comme mois septembre annonc ministre finance vincent peteghem dimanche zevend
20,petra sutter vouloir tendre automatiser tarif social internet comme nergie ministre ral communication petra sutter groen vouloir tendre automatiser tarif social abonn internet confier samedi nieuwsblad
21,changer assureur auto pouvoir rapporter argent beaucoup entre rester assureur auto pendant recevoir chaque compte prime payer nouveau assur ressant porte monnaie quand valoir mieux passer autre assurance auto independer approfondir ce question
22,salon auto bien lieu dition salon auto brussel motorshow rouler janvier palais brussel expo annoncer vendredi febiac ration automobile cycle plus ce semaine plusieurs dia indiqu avenir nement taire menac raison cision ieteren participer
23,mediamarkt annoncer fermeture trois magasin septembre mediamarkt fermer trois magasin septembre annoncer faire gation syndical lors conseil entreprise extraordinaire vendredi heure indique belga
24,thomas katrien vivre habitat group cision jamais regrett plus sept quatre famille ainsi unir leur moyen acheter maison passablement labr taire molir reconstruire plusieurs habitation placer thomas katrien quatri dernier couple rejoindre projet cision jamais regrett jetter coup maison site construction livios
25,nouveau travail imminent autoroute charleroi nouveau viation travail foisonner charleroi compris seau routier autoroutier nouveau chantier buter vendredi soir cela nouveau percussion circulation automobile
26,davantage entreprise prendre flagrant abus mage temporaire fraude mage temporaire augment depuis crise coronavirus selon chiffre office national emploi onem rapport journal morgen vendredi entreprise ainsi prendre flagrant abus
27,expertise obligatoire obtenir hypoth cair banque devoir faire expertiser bien avant octroyer hypoth cair montant calcul fonction valeur expertise plus prix achat signaler ce semaine libre belgique echo leur colonne
28,postnl devant justice esclavage moderne coursier tribunal correctionnel maline entamer vendredi important proc contre soci colis postnl ainsi sous traitant poursuivre fraude social organis coursier comme principal victime forme moderne esclavage selon syndicat tien
29,vers batibouw covid saf ticket brussel expo dition salon batibouw passer mode virtuel dernier raison pand coronavirus prendre place vrier sein palais brussel expo jouir jeudi organisateur fisa
30,tudiant rendre cole voiture combien moment venir prendre chemin universit loger encore chez papa maman toutefois rejoindre campus transport public mince affaire petit citadin alors solution vers quel aller pleuvoir voiture plus polluant bien pleuvoir hicule cologiqu flambant neuf quel terme meilleur option portefeuill independer faire comparaison
31,exces profit rulings bien gime aide cour justice union europ enn confirm rendre jeudi syst belge exon ration fice dentaire firme belge multinational exces profit ruling constituer gime aide comme soutenir commission europ enn
32,boom offre emploi forem depuis ce chiffre forem diffus offre emploi rapport augmentation selon chiffre forem publi jeudi titre sudpresse
33,bleeker falloir aliser effort budg taire milliard secr taire etat budget bleeker open estime falloir aliser effort budg taire suppl mentair voquer montant milliards euro mettre mesure soutien corona raison reprendre croissance entretien publi jeudi journal soir
34,vivendi vincent bollor annoncer projet groupe lagard dia vivendi contr vincent bollor annonc mercredi compter acqu participation fonds amber capital groupe lagard intention poser projet acqu solde groupe propri taire hachette europe
35,proposition partir faire face flamb prix nergie plusieurs partenaire coalition vivaldi parti opposition formul dernier jour propositions faire face augmentation prix nergie dernier date propose syst provisoire cliquet
36,comment obtenir pension plus croyez pouvoir encore mener confortable retraite selon dernier chiffre barom financi assureur faire partie minorit seulement belges croire toutefois disposer quelque option obtenir encore montant valoir peine dessou guide epargne donne quelque tuyau contexte
37,travailleur belge accumul plus jour vacance accoutum travailleur belge prendre ce moins vacance entre janvier lors normal ressort mercredi chiffre prestataire service ressource humain acerta base donn travailleur cela risque entrainer difficult employeur terme arrangement plan vacance leur employ
38,crise nage belge pens plus nourriture boisson tabac nage belge consacr dernier budget produit alimentaire boisson tabac contre effet crise coronavirus diff rent confinement impos population plus grand partie budget ailleurs logement loyer nergie entretien autre frais ressortir nouveau chiffre statbel office belge statistique tablis base enqu aupr nage
39,alternative brique voici option prix autre chose brique faire connaissance parement ger conf rer aspect unique maison permettre simultan ment grer paisse couche isolation combinaison parfait novation comme nouveau construction site construction livios donne aper rial ter parfaitement exercice
40,avenir salon auto tenir plus rideau menacer tomber finitivement salon auto selon plusieurs dia group importateur ieteren participer plus nement group stellanti fusionner peugeot fiat opel citro devoir prendre mercredi cision crucial avenir salon
41,comment expliquer flamb prix nergie prix lectricit march gros connaître hausse vertigineux chelle europ enn premier impact faire ressentir facture consommateur risque nurie hiver plan comment expliquer ce flamb prix moins exceptionnel
42,unizo demande derni prolongation mesure soutien entreprise union entrepreneur flamand unizo plaid mardi trois jour prochain comit concertation prolongation durant encore trimestre mesure soutien entreprise tel mage temporaire droit passerell pendant compter encore moins perte chiffre affaire mesure vue jusqu septembre
43,deux prison comptable tourn euro fgtb vervier ancien comptable travaill pendant central ral fgtb vervier condamn lundi tribunal correctionnel vervier deux prison sursis trois avoir tourn important argent indiqu justice vervi tois
44,europe face flamb prix nergie prix naturel march gros plus jamais criver lundi echo tijd
45,servation obligatoire rendre calanque sugiton partir servation obligatoire rendre certain calanque marseille afin viter affluence server lieu instant seul calanque sugiton concern taire bien trop quer pic personne jour sident parc national calanque didier ault tait direct bfmtv expliquer image bfmtv mosmzuuduhkcricn uvhrpw image reservation obligatoire rendre calanque sugiton
46,urbain malgr risque adept moigne ce passion sauvage runs multiplier france quartier campagne source nuisance voisinag parfois accident grave comme glisy juillet dernier spectateur mourir percut deux roue adepte parler passion style bike life aimer exemple piste pouvoir exercer passion juan palencia paire rencontr entre image bfmtv hbpsue aeyh qkmiyky image rodeo urbain malgr risque adept temoigne ce passion
47,explosion certain victime revivre encore apocalypse septembre trouver proximit usine toulouse quand explos outre quel physique certain victime devoir vivre image tragique auxquelles lui confront jour image bfmtv kjxwuhr ijgpm image cratere provoque explosion usine chimique toulouse octobre
48,jolhiter aide soignant origine tenir naturalis compense engagement lutte contre covid travailleur origine trang premi ligne pendant crise sanitaire naturali compense engagement lutte contre covid plus france notamment jolhiter aide soignant ehpad origine tenir image bfmtv vxlzv qbqjathcgqcvr image travailleur origine etranger premier ligne pendant crise sanitaire naturaliser
49,vingt toulouse comm more explosion meurtrir explosion meurtrir usine caus mourir personne parcours moriel divise victime voil occasion comm moration accident image bfmtv ildvi pfkxok hpfio image plaque commemorativ
50,explosion usine toulousain raconter comment catastrophe septembre usine exploser toulouse faire mort millier bles jour plus grand catastrophe industriel survenir france depuis image bfmtv yznqfaoj zxhkpkzzqawvw image apres explosion usine toulousain raconter comment vecu catastrophe
51,rouen statue napol bier remplac celui halimi maire ville vouloir boulonner statue napol remplacer autre repr sentant halimi image bfmtv peab roww image rouen statue napoleon bientot remplacee celui gisele halimi
52,hicule outil indispensable hausse prix carburant difficile assumer infirmier maire altorf rhin hausse prix carburant impact budget nage fran surtout personne dont voiture ment essentiel afin travailler notamment bruno infirmier maire altorf rhin image bfmtv dshb rmdgn idtli image vehicule outil indispensable hausse prix carburant difficile assumer infirmier liberal maire altorf rhin
53,serge carel attendre france reconnaître officiellement responsabilit abandon massacre harki serge carel ancien harki juillet tait plateau bfmtv revenir claration sident public effet lors hommage lundi emmanuel macron demand pardon harki france annonc projet reconnaissance paration gard rien combattre fran aise image bfmtv mbkb xhyeoadl grwtfb image serge carel attendre france reconnaître officiellement responsabilite abandon massacre harki
54,serge carel sident macron comprendre probl harki serge carel ancien harki juillet assur bfmtv lundi soir sident macron compris probl harki image bfmtv iopesj otpx ppjgyq image serge carel president macron comprendre probleme harki
55,anti blanquer promettre franchir cran nouveau contre cyberharc lement ministre ducation placement lundi coll oise appel sursaut fraternit campagne harc lement subir seau social sixi image bfmtv jrunixp ioyqqpqy image ministre education national jean michel blanquer pari aout
56,ordonne titre conservatoire huis clore total stade lens incident contre lille commission disciplin ligue football professionnel sanctionn club lens huis clore total stade titre conservatoire attente instruction grave incident survenir entre supporter lors derby lens lille samedi image bfmtv ijzfwn jnnq image ordonne titre conservatoire huis clore total stade lens aprer incident contre lille
57,emmanuel macron demande pardon harki france france manqu devoir envers harki leur femme leur enfant clar chef etat lors ception elys consacr moire harki combattre fran aise durant guerre image bfmtv nwsn dofgdncq image emmanuel macron elysee septembre
58,lai passer permettre conduire augmentation confinement confinement report passage permettre conduire accumul temps attente souvent multipli deux certain partement plus touch autre image bfmtv kccn xcag image delais passer permettre conduire augmentation apres confinement
59,proc nordahl lelander avocat alain jacubowicz faire tout roule dignement alain jacubowicz avocat nordahl lelandai taire dimanche invit bfmtvsd bfmtv interrog proc venir client assur faire tout roule dignement image bfmtv srrnc fxslvt image proce nordahl lelandai avocat alain jacubowicz faire tout deroule dignement
60,mobilisation contre racisme anti mitisme organis dimanche pari journ mobilisation contre racisme anti mitisme lieu dimanche pari organis plusieurs organisation antiraciste syndical france insoumise choisir joindre image bfmtv dclnnuuavfyomtjqhwww image mobilisation contre racisme antisemitism organisee dimanche pari
61,mallevill inconditionnel mort mallevill inconditionnel mort dimanche taire atteindre cancer cemment fici soutien club marseillais image bfmtv ewayx eqac phzhrqb rchoim image rene mallevill inconditionnel mourir
62,rixe entre biker faire mort tarbes samedi rixe entre biker faire mort deux bles tarbes samedi rassemblement regrouper environ personne chaque tenir ville durant salon bagarre entre plusieurs dizaine motard clat parking centre exposition coup couteau chang auteur coup couteau prendre fuite recherch image bfmtv rcrsiz hcnwashcbchrwjrj image rixe entre biker faire mort tarbes samedi
63,anti pass sanitaire personne manifest samedi selon rieur mobilisation marque personne dont pari samedi contre pass sanitaire selon compte minist rieur contre week dernier image bfmtv huwl fygrpwg image manifestation anti pass sanitaire nante septembre
64,automobiliste fonc terrasse fontainebleau seine marne blesser personne automobiliste fonc terrasse fontainebleau seine marne samedi bless personne maire ville valletoux expliqu conducteur sembler vacu vers urgence psychiatrique pital melun image bfmtv fahv purd czhbilsba image automobilist foncer terrasse fontainebleau seine marne blesser personne
65,chasse entre manifestant forcalquier alpe haut provence selon organisateur chasseur manifester samedi partout france forcalquier alpe haut provence taier entre mobilis selon organisateur image bfmtv mvhez jkmacv jrqsslldwta image chasse entre manifestant forcalquier alpe haut provence selon organisateur
66,manifestation anti pass sanitaire pari cort train disperser manifestation contre pass sanitaire lieu samedi partout france pari cort train disperser manifestant taient attendre capital image bfmtv lsged ytyojod azyzaofm image manifestation anti pass sanitaire pari cortege train disperser
67,pari funambule nathan paulin lanc depuis tour eiffel funambule nathan paulin lanc depuis tour eiffel samedi parcourir tre tres hauteur rallier chaillot image bfmtv jjdvw wmnkpfftnjo image pari funambule nathan paulin elance depuis tour eiffel
68,pari funambule nathan paulin appr lancer depuis tour eiffel travers tres hauteur funambule nathan paulin lancer depuis tour eiffel samedi parcourir tre tres hauteur rallier chaillot image bfmtv hwnxfbw hpkspimu bajpn image pari funambule nathan paulin apprete elancer depuis tour eiffel traverse metre hauteur
69,salle shoot pari riverain mobiliser samedi devant mairie arrondissement plusieurs centaine habitant pari manifester samedi devant mairie arrondissement protester contre installation lieu consommation drogu curi quelque minute chez image bfmtv vohajjetja lojq wujk image salle shoot pari riverain mobiliser samedi devant mairie arrondissement
70,dame pari curisation cath dral achev restauration pouvoir commencer curisation cath dral dame pari termin sormais tape restauration commencer plus deux incendie devoir marrer premier semestre objectif ouverture toujours maintenir image bfmtv hcrknv yhnnpphd rtpzc image dame pari securisation cathedral acheve restauration pouvoir commencer
71,manifestation contre pass sanitaire vue samedi france manifestation contre pass sanitaire vue samedi france entre personne attendre contre pass sanitaire tout france cort parisien gilet jaune sent image bfmtv xbnjipyggvxpyrkmibsu image manifestation contre pass sanitaire prevue samedi france
72,pari agac situation autour jardin habitant quitter quartier stalingrad pari habitant quartier stalingrad bout vacuation jardin eol rien arrang pont riquet campement environ consommateur crack progressivement install temps preuve sespoir cesse grandir quartier vide sident assure habitant image bfmtv rfomwyfifyo msupuzldvbdq image pari agace situation autour jardin eol habitants quitter quartier stalingrad
73,image rieur dame pari travail curisation travail curisation cath dral dame pari termin cath dral sormais sauv phase restauration reconstruction party truite incendie maintenant entam ouverture visite culte devoir avoir lieu image bfmtv erfvuyjzfxi npuu cuaoy image image interieur dame pari apre travail securisation
74,chasse interdire chasseur rassembl forcalquier alpe haut provence manifester chasseur manifester samedi cision conseil concerner technique chasse traditionnel oiseau cinq grand manifestation lieu plusieurs ville france mont marsan chasseur rassembl forcalquier alpe haut provence chasseur sent entendre interpeller christophe castaner sident groupe larem assembl national partement image bfmtv baotkh bzzdycu image chasse interdire pre chasseur rassemble forcalquier alpe haut provence manifester
75,guise centaine masque citoyen lutte contre chet fabriqu costume mesure afin alerter autorit population
76,nouveau projet torch deux champ trolier torchage consiste chappe lors processus extraction brut pratique polluant
77,champion mond taille erlander rapetisser plus grand monde combien temps selon tude publi vendredi ration erlander plus petit celle
78,island conner plus long ruption volcanique depuis plus dimanche cela faire mois ruption mont fagradalsfjall commenc million tres cube lav produit
79,coincer tenter mesurer adolescent subir ration urgence londre trang rience tourn
80,apple annoncer gamm iphon quatre iphon sentir leur leur batterie plus performant capacit devoir tendre plus rateur phonique pays gion
81,roseau plum ritabl biodiversit certain plante pouvoir causer ritable probl environnemental notamment roseau plum herb pampa class parmi pire invasif europe
82,athl quadri amput elon musk promettre emmener espace hello elonmusk aventurier fran sans bras jambe tweet sportif intention patron tesla space
83,entreprise ricain vouloir recr mammouth laineux entreprise colossal donne objectif hybride faire agir quence mammouth laineux collect restes serv rien nom phant asi
84,universit voile addiction coca tude unige permettre identifier rotonine lors prendre cocer savoir ainsi pourquoi addiction ce drogue concerne consommateur
85,space lancer tour premi mission tourisme spatial mercredi quatre passager novice passer trois jour espac premi mission histoire sans aucun astronaute professionnel
86,tour horizon obligation vaccinal monde certificat vaccination certains gorie impos nombre croissant pays plan
87,vaccin infection naturel quilibre trouver face varier delta sormais admettre efficacit vaccin diminue contre contamination bien reste indispensable
88,motion viser prot amazonie approuv union international conservation nature notamment adopt motion protection amazonien
89,grand dauphin sous troite surveillance diterran clas vuln rabl uicn grand dauphin tudi biologiste diterran objectif mieux conner mieux prot
90,vaccino scepticism toujours exist vaccination longtemps suscit controverse pass fruit apprenti sorcier aujourd certains comme instrument cryptage
91,qualit bureau affecte capacit cognitif scientifique harvard montr mauvais ration bureal provoque perte capacit cognitif
92,pouvoir faire retour bien plus produire tout deux sept consid comme termin juin chauffement climatique pouvoir revenir
93,nouveau coinventeur vaccin messager sormai projet immunologu vaccin contre tout coronavirus selon choix entre attendre prochain passer demi
94,pari jeff bezos ralentir vieillissement homme plus riche monde investisseur start alto labs dont travailler vieillissement cellule humain
95,redonner couleur tigre tasmani national film sound archive australia venir faire coloriser film seconde dater montrer tout dernier cimen tigre tasmanie connaître aujourd teinte depuis
96,salins faire sauter digue laisser faire vieux salin derni zone humide entre camargue italie faire sauter rocher artificiel choisir laisser faire plage redessin tout cosyst
97,nasa confirme rover premier chantillon roche mission mars engin perseveranc nasa bien prendre morceau roche stocker agence spatial ricain licit lundi
98,vole deux tunnel cascadeur italien dario costa alis exploit samedi dernier commande zivko edge devenir premier homme avoir pilot avion rieur tunnel atteindre vitesse record lieu istanbul turquie homme ensuite ussite faire looping degr
99,travers ciel ouest france scientifique confirmer bolide travers ciel ouest france angleterre faire jour quelque seconde
100,rencontre homm mesure fonte glaciers directeur glacier monitoring switzerland matthia huss mesure inexorablement diminution paisseur glaciers alpe coeur passionn fascinant scientifique
101,nouveau plan cacher neptune tude ricain semble confirmer astronome soup onnent depuis longtemps neuvi plan pouvoir tourner orbite autour soleil encore plus loin neptun
102,nasa surveille dirigeant vers terre baptis objet environ trois fois plus grand statue libert passage plan repr sentir cependant aucun danger
103,premier touriste espace retour terre quatre premier touriste spatial space amerrir samedi soir atlantique large florid avoir pass trois jour espace couronnant succ premi mission orbital histoire comport aucun astronaute professionnel bord suspendre quatre grand parachute capsule crew dragon space douceur heure conclure voyage heure trois minute
104,premier touriste space espace quatre touriste spatial ricain mercredi incroyable voyage apesanteur vaisseau space devoir passer trois jour orbite autour terre sans aucun astronaute professionnel bord premi historique
105,premier touriste spatial space quatre humain jamais espace auparavant pouvoir passer trois jour seul orbite autour terre tant entrer quelque mois lanc space dont premi mission tourisme spatial devoir coller mercredi soir
106,entreprise ricaine vouloir redonner mammouth laineux mammouth laineux teinte foulent nouveau arctique tente relever aide technique manipulation tiqu entreprise ricaine colossal lanc lundi
107,comment nement entre inconscier collectif septembre personne dont belge patrice braut quatre attaque simultan taier tats unis nement fortement marqu point appartenir sormais moir collectif selon olivier luminet professeur psychologi motion uclouvain
108,dragon volant jurassique identifi premi fois misph quipe scientifique chilien identifi premi fois servir atacama reste fossile dragon volant dinosaur jurassique taire auparavant identifi misph nord annonc vendredi universit chili
109,comment soleil pouvoir provoquer apocalypse internet selon tude ricain puissant temp solaire pouvoir provoquer pann mondial internet durant plusieurs semaine voire plusieurs mois provoquer ainsi apocalypse toil
110,rover nasa mars premier chantillon roche agence spatial ricaine confirm rover perseverance ussi lever premier chantillon roche mars
111,impressionnant aper bretagne observ ouest france bretagne normandie dimanche septembre avant minuit visible jusqu angleterre
112,soir pizza bord samedi taire soir pizza terre quipag station spatial international partag twitter spationaut fran thomas pesquet montre membre quipag train composer propre pizza essayer cher certain ingr dient flotter
113,vaisseau spatial virgin galactic clou incident agence ricain aviation indiqu jeudi vaisseau virgin galactic pouvoir revoler avant conclusion enqu incident survenir lors juillet transport milliardaire richard branson fondateur entreprise quelque minute espace
114,humain rire comme grand singe comme grand singe humain rigoler beaucoup inspiration avant voluer vers rire adulte plus expiratoire plus communicatif selon tude
115,bact contre surpoids couvrir belgiqu bier march bact contre surpoids couvrir spin uclouvain bient mettre march rapporte echo jeudi
116,scientifique couvrir extr nord plan cours dition juillet groupe scientifique couvrir pense terre merg plus septentrional monde nord groenland annonc universit copenhague
117,hors commun quatre patte couvert gypt scientifique apprendre davantage volution baleine fragment amphibiou phiomicetu anubi couvert oasi fayoum caire sahara occidental vivre probablement environ million
118,couvrir squelette vieux groupe humain encore inconnu arch ologue couvert squelette vieux chasseur cueilleur indon provenir groupe humain encore jamais identifi ailleurs selon article publi journal nature
119,tortue traque croque oisillon chercheur seychelle film tortue ant traquer tuer oisillon premi relat york time
120,nouveau sortie espace deux astronaute chinois deux astronaute chinois effectu vendredi nouveau sortie espace afin terminer montage bras articul tiangong station chinois construction indiqu agence spatial charg vol habit
121,nasa recrute quatre volontaire simuler mars pendant nasa recrute agence spatial ricain recherche quatre volontaire participer pendant trois mission test simulation mars indique communiqu publi dernier programm nomm chapeer crew health performance exploration analog parer mieux dition futur femme homme plan rouge
122,voici couvrir majeur nasa sujet bennu bennu passer terre seulement moiti distance parer plan lune clar nasa mercredi lant nouveau donn selon lequel chance impact rieur rester infime
123,quel con quence effondrement gulf stream climatologue tect signe effondrement gulf stream syst courant atlantique relay diff rent dia international dont guardian semaine pass disparition con quence catastrophique chelle mondial
124,millier objet arch ologique danger inondation comment sauver intemp rie frapp belgiqu mois juillet seulement impact particulier caves centre conservation tude agencer wallon patrimoine awap entrepo dizaine millier arch ologique inond deux reprise moins jour bon partie patrimoine wallon ainsi prendre boue depuis agent vole entam ritabl course contre montre contre ment sauver ventilateur parfois simple papier essuyer tout voici comment rent restaurer cieux objet travers cle
125,explosion toil captur tail premi fois premi tape supernova moment toile explose ndlr captur tail premi fois supernova porte trouve plus milliard lumi terre
126,machu picchu plus vieux penser selon nouveau tude publi revue antiquity machu picchu occup alentour plusieurs cennie plus penser
127,bolide agorier solar team solar challenge agorier solar team sentir lundi nouveau voiture solaire baptis bluepoint atla africamuseum tervuren mesure contre coronavirus chant solar challenge tenir australie lieu maroc
128,module scientifique russe nauka amarr presque retard boire technique nouveau module scientifique russe nauka amarr succ jeudi station spatial international annonc agence spatial russe roscosmos
129,plus vieux forme animal sans doute couvrir canada structure fossile similaire ponger couvrir nord ouest canada vivre million pouvoir rester plus ancien forme animal connaître terre selon tude publi mercredi
130,signe vital terre affaiblir selon scientifique signe vital plan affaiblir sous coup conomie mondial garde mercredi scientifique premier plan inqui tant imminence possible certain point ruptur climatique
131,jeff bezos offrir ristourne milliard dollar nasa alunisseur milliardaire jeff bezos propri taire soci spatial blue origin propos lundi nasa duction milliard dollar laisser entreprise construire syst alunissage
132,oiseau vieux million couvert argentin ontologue argentin annonc jeudi couvrir plus fossili oiseal historique lors travail campus universitaire province neuqu patagonie
133,nicolas gentil italien vivre comme hobbit chaque lundi courrier international invite couvrir influenceus influenceur ce semaine nicolas gentil chef tissier italien rendre parmi grand passionn seigneur anneau tolkien souhaite aujourd construire village hobbit abruzzer
134,tudiante marocain utiliser tiktok comme choppe ligne plein crise sanitaire petit commerce artisan inventer seau maroc tiktok particuli rement adapt gagner visibilit moignage trois tudiante termin
135,nouveau profession chin sosie star seau social chine jeune femme profiter ressemblance acteur notamment populaire bingbing mener partenariat marque seau exposer ainsi poursuite judiciaire
136,espagne quitte fonction amour romanci rotique sign faire plus jeune espagne xavier novell missionn raison strictement personnel religieux controver faire trouv amour aupr crivaine litt rature rotiqu connotation satanique
137,kenya jeune dipl diger dissertation tudiant mond entier quelque clic virement tudiant anglophone pouvoir octroyer service nyan professionnel dissertation diger devoir place raconte combine faire merger ritabl industrie kenyer jeunesse duqu heurte manqu perspective march emploi
138,hattuta nouveau voyageur arabe chaque lundi courrier international invite couvrir influenceus influenceur ce semaine hattuta vrai kasem hato glob trotteur jordanien faire couvrir monde million abonn seau social travers voyage comme sens
139,jordanie jean chir discorde interdire vision parce porter pantalon laisser voir genou basketteus jordanien soutien membre famill royal affaire suscit vif action conservateur seau social royaum
140,bon affaire youtubeur beast chaque lundi courrier international invite couvrir influenceus influenceur ce semaine jimmy donaldson ricain connaître sous pseudo beast pouvoir bier devenir youtubeur plus suivre monde alternent absurde philathropi spectacle hors champ homm affaire tendre
141,attirer baby boomer vert allemand reprendre chant plein campagne lectoral parti cologist allemand adapt chanson traditionnel land ration duction surprenant efficace selon spiegel clip pouvoir convaincre frange plus population
142,syrie tube tourn noir chanson weel weely groupe syrien safar faire carton rythme lancoliqu entrer nant surtout clip clin nurie lectricit
143,cunhaporanga partager tiktok tradition indig amazonie chaque lundi courrier international invite couvrir influenceus influenceur ce semaine gomez plus connaître sous cunhaporanga raconte tiktok depuis amazonie tradition mode indien tatuyo
144,afrique vengeance chanson loue whatsapp pouse tromp ritier employ reconnaisser diaspora mozambicain afrique loue service musicien venger demander justice plus rarement envoyer remerciement chanson crite mesur ensuite partag application messagerie whatsapp raconte site rest world
145,punchdown pologn ce puissance international gifle hebdomadaire polityker observe inqui tude engouement jeune internaute polonais punchdown nouveau sport consister gifler jusqu
146,clip bella poarch passer star tiktok star tout court espace deux chanson bella poarch transcend statut influenceus tiktok devenir nouveau star musiqu ricain clip rien succ estime hebdomadaire variety
147,ouvrir londres poulet frit client tablissement ouvrir porte mercredi possibilit faire livrer poulet room service appuyer bouton rapporte independent
148,theodore papakostas grec rendre arch ologie viral chaque lundi courrier international invite couvrir influenceus influenceur ce semaine theodore papakostas suivre plus abonn arch ologue partager instagram couvert histoire flexion discipline humour rision
149,diable libert schwarzenegger tance antivaccins lors interview direct acteur gouverneur californie arnold schwarzenegger abrutir antivaccins antimasques alors covid continuer augmenter appeler ricain faire confiance scientifique faire vacciner continuer respecter geste barri
150,propulser grand bretagne haut tableau daille olympique neuf breloque dont cinq athl britannique nomm contribuer grandement bel moisson pays former nation olympique part enti groupe comp titeurs occuper place classement daille devant italie amuse times
151,visite guid plan image court plique film danse voire simple geste infinit genres alors quel leur point commun finir tour horizon contenir ligne particulier issu suppl ment courrier ado
152,fidji but sitant membre opposition twitter tikoduadua partir ration national partir opposition fidji chement barqu twitter gagn nombreux internaute appr cier effort comprendre plateforme code parenth bienvenue alors archipel pacifique agir vif tension politique
153,mehmet aydin madoff turc visage poupon poursuivre justice turc recherch interpol fondateur application investissement agricole farm bank extrad vers istanbul juillet depuis tait enfuir accus avoir soutir million dollar syst ponzi
154,blacktiktokstrike mouvement volte danseur noir hashtag blacktiktokstrike danseur noir militer meilleur reconnaissance visibilit leur contenu tiktok noncent nouveau forme appropriation culturel nombre leur chor graphie reprendre influenceur blanc correctement leur
155,hotzo rire faire rire sant chaque lundi courrier international invite couvrir influenceus influenceur ce semaine sebastian holz hotzo jeune allemand devenir humoriste twitter instagram
156,grossesse binaire poign main tout couleur menu nouveau moji futur motic valid consortium unicod voil occasion journ mondial moji samedi juillet chaque pictogramme sormais disponible version genr inclusif
157,ramon abbas instagrameur luxe fortune suspect chaque lundi courrier international invite couvrir influenceus influenceur ce semaine ramon abba connaître sous pseudonyme hushpuppi rian afficher fastueux seau social derni duba soup avoir tourn centaine million dollar escroquerie ligne
158,caraca violent affrontement entre bande lourdement police police lienne tente tant bien reprendre contr certain quartier capital bande affronter depuis deux jour compense aller jusqu dollar promettre quiconqu participer arrestation principal responsable
159,campagne heineken vaccin retourne contre brasseur deuxi brasseur monde lanc jeudi juillet publicit ligne brer joie social vaccin contre covid lendemain twitter internaute contents appeler boycott marque
160,architecture forme emoji caca nouveau dimbourg hotel encore ouvert porte dimbourg suscite habitant volute acier coiffe conf silhouette rago tant
161,promotion vaccination france allemagne deux salle deux ambiance comparaison campagne promotion vaccination france allemagne confirm beaucoup allemand image fantasm fran peuple temp ramer combien ardent
162,loterie national mexiqu maison chapo gagner propri narcotrafiquant fonctionnaire corrompre quisitionn restitu peuple occasion loterie national organis septembre prochain parmi lot maison appartenir joaqu chapo guzm loge stade aztecer mexico acquérir gouvernement
163,traverser pays ligne droite aventure rectiligne davier chaque lundi courrier international invite couvrir influenceus influenceur ce semaine davier youtubeur britannique lanc curieux consister traverser pays entier ligne droite importer obstacle rencontr chemin
164,plus euro supporter allemand attaqu faire allemagne contre angleterre juin dernier jeune allemand apparaître grand cran pleur bra depuis victime commentaire haineux internet venir supporter anglais montrer autre image royaum britannique lever cagnotte honneur
165,fuite pipelin mexiqu faire agir fenseurs environnement incendie impressionnant fuite gazoduc sous marin appartenir compagnie troli pemex clar golfe mexiqu juillet greenpeac xico greta thunberg remettre cause exploitation nergie fossile pointer doigt leader monde
166,luca loutenbach supporter suisse devenir favori euro match france suisse lundi juin limination france euro trouv symbole supporter joie particuli rement monstrative tablo suisse blick rencontre jurassien dont visage faire tour
167,irene nonay pharmacienn navarr devenir agro influenceus chaque lundi courrier international invite couvrir influenceus influenceur ce semaine irene nonay jeune pharmacienn reconvertir agriculteur reprendre ferme familial nord espagne depuis quelque mois partager quotidien champ amandier seau social
168,laboratoir trouve aucun trace thon sandwich thon subway engag york times chercheur californien cialis analyse poisson chou certifier nature thon contenu sandwich restauration rapide lorsque poisson lang mayonnaise identification compliqu approvisionnement
169,cheval course plus consanguin habsbourg sang plus plus consanguin alerte economist alors riode monte continue hebdomadaire britannique inqui percussion animal croire entre cousin depuis ration
170,gypte chasse fille tiktok autre influenceuse soucieux sauvegarder lui consid rer comme bon autorit gyptienne sormai jeune fille star seau social collimateur lui frapper fort
171,australie personne vacu prison cause invasion souris centre correctionnel wellington contraindre vacuer tenir membre personnel cause invasion souris raconte australie lutte contre prolif ration rongeur occasionn million dollar
172,kang partager youtube rience fugi nord chaque lundi courrier international invite couvrir influenceus influenceur ce semaine kang signe adaptation ussi instar jeune femme certains fugi nord youtube raconter aussi parfois mieux faire conner pays origine
173,japon statue ant esse masqu jusqu pand aizuwakamatsu fecture fukushima statue ant esse ricorde arbore sormais masqu protection contre covid symbol rester jusqu crise sanitaire sous contr pays
174,chert essence liban ministre atteindre summum insolence cence approche canisme soutenir prix carburant liban tarif pompe pouvoir multipli cinq face ce situation ministre charg dossier raymond ghajar montr impuisser moins
175,euro entrer nement insolite doine nord alors doine nord affronte ukraine jeudi juin image film pendant entrer nement quipe donienne intrigu internaute pouvoir voir joueur chauffer mani inhabituel utiliser plot renver
176,prendre viagra sarcasm ministre irakien face famille nombreux remarque ministre irakien culture adress neuf enfant grand difficult financi illustre daraj dont autorit traiter question augmentation population pair celui pauvret
177,jeff bezos pouvoir acheter joconde manger taire vendre tition improbable devenir viral seau social ce semaine clame jeff bezo amazon premi fortune mondial plus portrait onard vinci manger question pleuvoir budget selon magazine ricain vice
178,twitter langue arabe accorde sormais minin utilisateur seau social sormai possibilit configurer plateforme choisir arabe forme minin initiative largement salu
179,moment plus saugrenu bill blasio maire york poste depuis maire york quitter fonction mois novembre sept construire putation papa blagueur compil prestation plus farfelu
180,eileen smith doyenn instagram chaque lundi courrier international invite couvrir influenceus influenceur ce semaine eileen smith ce retrait irlandais affiche tenue impeccable instagram attirer popularit inattendu coanime sormais mission mod
181,vendeur sauveter lancer marque chaussure barcelone mantero devoir surnom couverture lequel sentir leur produit souvent contrefer grand marque rue capital catalan syndicat populaire vendeur ambulant voil faire niqu nike lancer collection thiqu durable
182,incroyable famille kardashian termin sager continue incroyable famille kardashian poque certainement empire kardashian jenner quotidien famille propuls membre rang superc brit dont moindre tail taient cran bien avant live instagram tiktok
183,caler kilo coca retrouv plage promeneur couvrir jeudi kilo coca plage entre ambleteus gris calai cargaison probablement largu trafiquant gendarme continuer effectuer patrouille cher curieux ventuel autre pain drogu
184,mayenn accident coll gien bless dont deux grave laval accident faire nbsp jeudi matin bless dont deux grave nbsp transport pital nbsp transporter personne enfant adulte taire conducteur nbsp centaine sapeur pompier mobilis ce intervention
185,toulouse victime violent agression lieu rencontre toulousain agress lieu rencontre nuit samedi dimanche homm souffrir traumatisme facial tait toujours hospitalis lundi
186,benalla face justice reproch collaborateur macron alexandre benalla comparer partir lundi septembre devant nbsp tribunal correctionnel pari violence commettre marge nbsp image charg mission elys frapper manifestant place contrescarpe nbsp entrer scandale politique nbsp
187,crash licopt curit civil mort quatre bles licopt cras alors rendre ration commune villard lan canicien appareil annonc ministre rieur rald darmanin rendre place lundi septembre cause accident encore connaître nbsp nbsp
188,viol mineur producteur rard louvin mari nouveau enqu nouveau enqu quot viol mineur quot ouvrir contre producteur vision rard louvin mari daniel moyne enqu depuis janvier indiqu samedi parquet pari confirmer information parisien
189,fusillade marseille deux homme deux affaire distinct nuit mardi mercredi deux homme balle marseille centre ville second quartier nord deux fusillade selon source polici drame suppl mentaire lendemain agression policier exercice
190,accidentel alpinist espagnol mont blanc alpinist espagnol mort mardi avoir viss accidentellement alors venir atteindre sommet mont blanc choir tres nbsp
191,pari deux homme interpell braquage bijouterie place vendre vers midi nbsp nbsp policier inform braquage cours placer vendre pari nbsp selon premier ment enqu agir voiture trois personne deux scooter ensuite prendre chasse nbsp policier faire usage arme bles jambe homm interpell tandis deuxi nbsp homm interpell parking forum halle
192,dealer expul municipalit nice justifier cision famille venir expuls nice bailleur fils condamn trafic drogu nbsp ce cision ramener quot tranquillit quot quartier comme explique lundi europe anthony borr nbsp premier adjoint maire ville
193,nice expuls logement condamnation fil deal inform expulsion logement social nic fils condamn nbsp mois prison contr stup fiant cision dire prise bailleur venir ce condamnation fecture autre proc dur genre actuellement cours ville nbsp
194,figure narco banditisme marseillais interpell seine marne figure narco banditisme marseillais karim meziani interpell seine marne homme taire point deal plus important quartier nord marseille rald darmanin licit arrestation nbsp fugitif plus recherch france quot
195,estell mouzin interruption nouveau campagne fouille ardenne septi campagne fouille depuis lundi ardenne tenter retrouver corps fillette disparaître interrompre vendredi nbsp moniqu olivier veuve tueur michel fourniret mise examen complicit taire sentir lors partie recherche
196,proc attentat novembre ussi avancer quot kamikazer quot stade france terrasse bar salle bataclan mitraill attentat djihadiste nbsp novembre justice replonger partir septembre neuf mois horreur crime masse pari malgr souvenir bien sentir attaque habitant ussi avancer
197,train marchandise attaqu plein jour braquage spectaculaire proximit gare riom train fret attaqu mardi plein trajet voleur mont toit avant actionner syst depuis rieur rober marchandise judice faible train transporter petit mobilier coration nbsp
198,disparition estell mouzin nouveau fouille buter sence moniqu olivier nouveau fouille rechercher corps estell mouzin victime tueur michel nbsp fourniret devoir avoir lieu ardenne partir indiqu lundi source proche enqu lui rouler sence moniqu olivier compagne complice tueur nbsp
199,pari homme glise arrondissement glise parisien situ arrondissement capital signal homm police dimanche matin suspect tait venir faire souhaiter revenir messe heure policier finalement homme paroisse nbsp
200,royaume footballeur fran benjamin mendy accu viol plac tention provisoire justice britannique plac vendredi tention provisoire fenseur international fran manchester city benjamin nbsp mendy fenseur international fran accus quatre viol agression sexuel domicile prestbury cheshir
201,angleterre footballeur fran benjamin mendy accu viol agression sexuel accu quatre viol agression sexuel international fran manchester city benjamin mendy quot plac tention provisoire attente sentation devant tribunal chester quot annoncer police local fenseur suspendre club temps enqu nbsp
202,bles balle police stain parquet bobigny ouvrir information judiciaire parquet bobigny ouvrir ce semaine information judiciaire quot violence volontaire arme personn positair autorit public quot intervention deux policier brigade anti criminalit stain nuit deux membre hicule blesser vement deux personne nbsp
203,explosion toulouse comment site reconstruire catastrophe faire millier bles personne ancien crat reste zone vierge usine laiss place centre recherche cancer central photovolta nbsp
204,taire temps guerre toulouse impossible oubli catastrophe ville toulouse comm more mardi catastrophe explosion usine personne faire bless certain victime sentir encore quel physique pauline miranda confi micro europe
205,bastien rescap bataclan chapp plusieurs fois mort nuit novembre bastien taire fosse bataclan assister concert eagle death metal prendre otage djihadiste pendant plus deux heure sortir indemne physiquement attentat proc novembre permettre remettre ordre souvenirs moignage micro gwladys laffitt europe nbsp
206,moment oublier commissaire raconte enqu novembre proc novembre faire lumi ce nuit horreur pari enqu tentaculaire suivre rience marquant enqu teur pist terroriste europe entre reconner avoir quot habit quot ce riode
207,harki sident macron courage reconner responsabilit france sident emmanuel macron membre association harki annonc quot paration quot lundi europe mohand hamoumou sident association ajir france salue ce initiative quot prendre harki valoir tout sident sauf celui quot affirm
208,pozzz application aide jeune crocher phon harc lement enfant subir depuis rentr signe addiction jeune public phone portable donc seau social application baptis quot pozzz quot permettre parent limiter utilisation enfant syst compense
209,vendre vouloir utiliser eau produire potable vendre gestionnaire public veolia associ lancer projet traitement eal fin domestique transformer eau potable limiter nurie chauffement climatique nbsp
210,covid falloir assouplir restriction gion plus pargn alors situation miqu liore gouvernement pouvoir assouplir restriction certain territoire particuli rement pargn virus souher certains parmi lequel fabien bazin sident conseil partemental demande europe cutif quot regarder alit sanitaire terrain quot nbsp
211,mobilisation chasseur ritabl monstration force selon manifestant millier chasseur mobilis samedi septembre fendre chasse traditionnel oiseau gale conseil etat taient moins amien maximilien carlier rendre europe fier quot monstration force quot manifestant faire savoir cheraient rien sept mois sidentielle nbsp
212,journ sans voiture pari avant futur zone trafic limit pied trottinette roller surtout voiture dimanche septembre ville pari organis septi con cutiv journ sans voiture heure heure nbsp objectif parer parisien mettre place zone trafic limit second semestre nbsp
213,tourisme spatial persuad voir prix baisser assure patrick baudry premier touristique espacer achev succ samedi soir quipag compos quatre astronaute professionnel premi histoire amerrir large florid avoir pass trois jour espace europe deuxi astronaute fran espace patrick baudry salue ce prouesse
214,quatre passager space retour terre trois jour espace quatre premier touriste spatial space amerrir samedi soir atlantique large florid avoir pass trois jour espace retour terre venir couronner succ premi mission orbital histoire comport aucun astronaute professionnel bord
215,proc attentat novembre victime besoin comprendre entendre samia maktouf avocat party civil proc attentat novembre parle importance proc historique victime comportement quot quot salah abdeslam taire invit jean pierre elkabbach europe cnews
216,info europe couvrir courrier darmanin envoy maison dition nawa ministre rieur rald darmanin nbsp annonc vendredi intention dissoudre maison dition nawa quot centre tude oriental traduction quot publier diffuse plusieurs ouvrage faire promotion jihad europe argument minist proc ce dissolution
217,covid vers gement restriction sanitaire gouvernement ministre sant olivier voqu nouveau piste quot fran pouvoir respirer plus possible quot interview quot parisien quot alors semble reculer parmi lui pass sanitaire certain endroit europe decin infectiologu benjamin davidot appeler prudence
218,chanteur imany meilleur repas quand tourn voil voix faire bien deux dernier album ailleurs coul plus million exemplaire occasion sortir dernier album quot voodoo cello quot chanteur nbsp imany partag confidence culinaire tait invit laurent mariotte mission quot table bon vivant quot europe
219,comment cuisiner bon pissaladi comme nice chaque samedi quot table bon vivant quot laurent mariotte chroniqueur invit livrer leur meilleur recette ce semaine couvrez recette pissaladi thomas dufour chef restaurer bauchoir pari
220,immobilier encadrement loyer devoir mentionn annonce annonce immobili location logement soumettre encadrement loyer devoir faire mention indiqu samedi ministre logement emmanuell wargon gouvernement vouloir faire face part important annonce respecter
221,pourquoi morue star cuisine portugais comment cuisiner simple reus cuisine portugais quoi titiller papille produit embl matiqu pays morue ce semaine mission laurent mariotte quot table bon vivant quot couvrir plat phare portugal nbsp
222,voici thode ancestral colter licieux coco paimpol ingr dient embl matique gastronomie breton coco paimpol alors saison haricot particulier termine octobre europe invite couvrir comment produit colt main depuis mission laurent mariotte quot table bon vivant quot europe rendre bretagne couvrir ce thode ancestral nbsp
223,video stealthing act dangereux bier californi pendant temps retirer furtivement servatif pendant rapport sexuel bier californie ce pratique stealthing
224,deliveroo trois ancien dirigeant renvoy devant tribunal correctionnel pari travail dissimul parquet pari ouvert enqu liminaire confi office central lutte contre travail oclti
225,lutte contre minicider espagne pouvoir appeler agent protecteur importe quel moment plus seul alors france nombre minicide peine baisser significativement espagne poursuivre politique volontariste duction violence faire femme minicide choir depuis
226,etat unis voir accueillir fugi deux fois plus sident ricain nbsp biden nbsp tenir ainsi nbsp promesse campagne doubler chiffre fiscal commencer octobre
227,toulouse garde prolong compagnon femme retrouv mort mirail deux autre personne plac garde principal suspect ce affaire devoir sentir juge mardi
228,video portrait philippe croizon aventurier fran premier handicap partir espace elon musk aventurier philippe croizon amput quatre membre travers manche sept plus tard particip pari dakar crit elon musk milliardaire ricain patron space demander envoyer espace ponse nbsp nbsp extraire magazine samedi
229,rentr quel diff rente strat gie anti covid classe covid gress france lieu concentre encore tout inqui tude cole enfant vaccin
230,video affaire sensible sidentielle quand conseil constitutionnel valide imagination habilet compte campagne gulier jacques chirac ouverture archive conseil constitutionnel replac actualit vingt cinq plus tard campagne sidentielle lant scandale etat document voir nbsp septembre france nbsp affaire sensible nouveau magazine coproduire france vision france inter mission original france inter plong archive exhum facture note frais biff sage extraire voici comment compte gulier valid
231,tudiant enfin retour petit boulot difficile horizon semble enfin gager tudiant retour sentiel universit aussi job appoint afin financer leur tude nbsp nbsp
232,cole petit jeuner gratuit tendre zone rural plus plus commune proposer petit jeuner gratuit cole dispositif financ nbsp duire galit social nbsp
233,question soci grand marseille servir boosteur classe politique etat devoir encore plus prendre main habitu dimanche franceinfo accueillir aussi maintenant samedi sociologue jean viard directeur recherche cnrs auteur diteur tout ce saison aller essayer pondre question soci soulev actualit
234,question soci attentat septembre marqueur historique pouvoir aussi position tat unis monde rendez question soci aujourd samedi septembre consacr anniversaire attentat septembre moire clairage sociologu jean viard
235,recit assaut kilimandjaro fran atteindre rose plaque julien dani nbsp ter ascension toit afriqu projet nbsp trentenaire marche difficult souffrir vertiges
236,rentr universitaire face carit emma propose tarif encore plus solidaire tudiant selon fage principal syndicat tudiant clar dernier avoir connaître difficult financi nbsp cours trois dernier mois
237,video climat empreindre carbone chaque plat menu wagon restaurer train gentil nuit devoir train nuit sembler disparer redevenir actualit face urgence climatique moyen transport plus doux avion remettre rail table passager inform impact environnement coup fourchette extraire magazine europ diffus dimanche septembre france
238,video collaboration entre patron cross marine national porter secours migrant large caler zone patron saint catherine labour trouve ligne caler douvre nbsp migrant emprunter tout jour rendre angleterr jour nbsp main fort ration sauvetag extraire magazine dimanche nbsp septembre
239,environnement allemagn investir massivement nergie renouvelable mandat angela merkel allemand retenir ration transition nerg tiqu pays catastrophe fukushima japon allemagne bouch double construire olienner parc solaire
240,consommation drogue france amende forfaitaire lictuelle mettre place dispositif indiquer consommateur drogu recevoir amende euro inscription casier judiciaire temps faire point dispositif vraiment efficace nbsp
241,marque bordeau chesnel devoir adapter consommateur saga entreprise agroalimentaire fran aise marque charcutier sarthois cialiste rillette bordeau chesnel nbsp pierre bert directeur bordeau chesnel invit olivier lagarde nbsp
242,temps calme temps assez ensoleill annoncer mardi institut royal orologique
243,photo floriffoux pompag tang protection civil wash niche deux mois intemp rie noue bordante intervention protection civil
244,infographie prof bien simpliste donn publi ocd indiquer salaire enseignant rieur moyenne constat nuancer cryptage
245,jean marc gravir mont blanc falloir avoir deux fils toucher lancer genre truc vendredi immense jean marc bernardo habitant fontaine entame derni ligne droite parvenir faire ascension mont blanc bon cause celui objectif colter moins
246,port masqu walloni jeudi semaine prochain gouvernement wallon devoir prononcer ventuel gement port masqu jeudi semaine suivant indiqu ministre sident wallon elio rupo lundi commission parlement wallon
247,cret wallon assur assur milliard accord trouv couvrir sinistr assur aussi assur faire objet projet cret lundi commission
248,covid diatre demander suppression mesure moins ce cision comporte risque favoriser normalisation enseignement jeune selon organisation
249,photo lieu balade citoyen amorcer changement tamine soci alphavill sentir samedi premi ligne revitalisation tamine lieu privil duire voiture augmenter espace public
250,carolo vitesse abords cole police local charleroi annonc ration vention autour cole semaine rentr voici sultat
251,suite quitt charleroi adieu solennel sence communaut quitt charleroi adieu solennel lieu dimanche
252,projet durable europe devoir revoir copie suffisamment stimul investissement durable estime cour compte europ enn rendre rapport moins mitig
253,brief jour effondrement grue ruption canarie emploi menac chez liberty steel grue effondr forest ruption forc vacuation personne canarie liberty steel vouloir parer travailleur voici faire actualit lundi
254,vendre quoi faire jeune info accuse perte conduire principal actionnaire mettre vente
255,inondation million paration route pont voie hydraulique gouvernement wallon accord lundi enveloppe million paration route ouvrage voie hydraulique gionale endommag inondation mois juillet
256,vaccimobil depuis lundi vaccination venir province luxembourg lundi buter marloi tellin campagne vaccimobil province luxembourg semaine permettre celui encore faire vacciner
257,crise sous marin australien gociation moment choisir annoncer partenariat aukus quelque semaine prochain climat pouvoir briser espoir accord mission chinois
258,tout attentat septembre explosion terroris toulouse vendredi septembre quelque tonne nitrate ammonium subitement explos toulouse agir plus grand catastrophe industriel france depuis
259,pardon macron harki manque encore reconnaissance coeur sident public demand pardon harki lundi pari ouvert voie promulgation paration ce communaut meurtrir important juge historien jean jacques jordi
260,vers prolongation passer sanitaire auckland encore confin point pand gouvernement fran proposer octobre viser proroger syst parfois passer sanitaire novembre
261,fiance manqu moyen guadeloup impossible vaccination soignant guadeloupe plus agent vaccin suspension inenvisageable explication
262,lelivrescolair manuel scolaire flirte pens wok lelivrescolair conner succ croissant monde enseigner ce maison dition marque notamment ligne ditorial parfois trop militant
263,proc novembre horreur frappe barre proc historique attentat novembre ouvert septembre dernier huit premier jour particuli rement prouver notamment lors position enqu teur
264,biodiversit climat quoi ressembler monde chauffement selon conclusion rapport giec repris engagement tat signataire accord pari poursuivre rythme monde vers chauffement catastroph
265,alexandre gady falloir prot patrimoine beaut muet vacarme contemporain patrimoine selon historien alexandre gady victime empressement gligence collectif sidentielle occasion rappeler
266,covid conseil scientifique demande plus pistage cole pistage covid devoir syst matiqu hebdomadaire cole primaire seul enfant positif renvoy chez
267,abnousse shalmani autodaf tintin riqu claration guerre woke quand chasse dire repr sentir consiste livre prohiber civilisation agir chroniqueus nouveau venue ontario ouvrage censur
268,passer sanitaire besoin politique agile contre covid directeur institut sant global universit antoine flahault rappeler difficile voir volution plus sept jour
269,restaurer dame identique comment puriste veiller grain incendie cath dral emmanuel macron envisag possibilit quot geste architectural contemporain quot avant annoncer restaurer identique
270,bern tire bilan sauv monument culture combien quot oreille sident tout temps quot entendre patrimoine moins olien derni croisade derni partie enqu
271,ligne faire pirate donn dicale donn personnel environ million personne pist contre covid attaque informatique faire quoi
272,christian gollier enfin vrai prix carbone depuis prix mission multipli deux bon nouveau climat dynamique teindre
273,record investissement massif chiffre emmanuel macron rendre gare lyon pari vendredi brer ligne grand vitesse
274,jean laurent cassely individualism caus crise soci plusieurs essai pencher tamorphose question primordial rapport entre individu collectif
275,gilet jaune ruralit bern royaliste devenir idole france sesp entre narquer france populaire animateur choisir camp quot patrimoine question identit quot confier express suite enqu
276,chasse traditionnel quand emmanuel macron braconne droite cision conseil etat juger plusieurs technique chasse traditionnel oiseal gale gouvernement mercredi plusieurs consultation autoriser certain
277,lionel shriver pouvoir cher sentir blanc culte fitnes appropriation culturel discrimination positif grand romanci ricain pingle vrose contemporain
278,macron face daill patrick kanner appeler montrer doigt sportif ancien ministre sport estime devoir massivement investir souhaite voir athl olympique exceller
279,comble che permanence travail sarroi manager entre pression rarchie attent salari adaptation mode travail quot hybride quot certain manager faire part licate position moignage
280,pitau pari trois question massif donn test covid donn personnel environ million personne effectu test pistage covid france
281,salaire enseignant pourquoi pouvoir comparer allemagne bernard toulemonde ancien recteur directeur comparer salaire entre enseignant fran allemand sans comparer aussi obligation servic faux tout
282,macron bataille secr ennemi vrai histoire phane bern connaître animateur amateur couronn couvrir murmurer oreille macron porte voix france populaire enqu influence
283,lagard perquisitionn reproch groupe affaire amber capital mercredi perquisition lieu parisien groupe dirig arnaud lagard accus quot achat vote quot encore abus bien social quot
284,covid comment gouvernement pare fermeture centre vaccination centre vaccination contre covid pouvoir baisser rideau mois vrier prochain pharmacien decin ral prendre relais
285,plus ruiner paysage patrimoin fracture fran aiser parce touche zone sensible identit commune patrimoine toujours sujet inflammable derni querelle changent corser
286,dossier express patrimoine nouveau querelle patrimoine reste france sujet inflammable terrain infini bataille entre ancien modernes autour futur dame atteste homme incarne ce passion fran aise phane bern temps quinquennat fort proximit couple macron animateur amateur couronn devenir quot incontournable patrimoine quot ador france rural sentir laiss combat contre oliennes dragu politique tout bord influence express vouloir valuer
287,entre super nurie obligation vaccinal ehpad redouter sous effectif manqu flagrant soignant certain structure craindre plus pouvoir apporter soin cessaire bien leur sident
288,revenu condamnation hanouna enqu fabrice vizio avocat anti passer sanitaire cort anti passer sanitaire didier raoult covid faire avocat star controver venir annoncer rupture hanouna portrer
289,vaccination obligatoire risquer vraiment soignant calcitrant compter mercredi soignant vaccin contre covid risquer suspension pur simple contrat travail
290,tude montre facebook conner effet faste instagram jeune fille depuis entreprise arriv conclusion application photo nuire fortement image jeune fille lui
291,covid donn plaider faveur troisi dose tout selon auteur tude efficacit vaccin contre forme grave covid reste suffisamment instant troisi dose donc adapt population ral quot stade pand quot
292,beauvau curit falloir retenir annonce emmanuel macron emmanuel macron annonc mardi devant policier gendarme repr sentant syndical diff rente cision prendre cadr beauvau curit
293,beauvau curit comment voisin europ contr lent leur policier mardi emmanuel macron annonc mettre place instance contr parlementaire force ordre chez voisin europ
294,plus grand plus fragile bon sant tromp oeil fran aise surface foresti fran aise gagn plus million hectare bon nouveau cache pourtant cosyst menac surexploitation changement climatique
295,covid efficacit vaccin janssen mettre doute taux anormalement patient vaccin janssen admettre pital laboratoir johnson johnson faire objet investigation suppl mentaire
296,changement climatique pouvoir pousser million personne migrer lundi expert banque mondial avancer rapport quot urgent agir quot viter plus plus quot migrant climatique quot
297,petit jeuner cole trois plan pauvret cutif peine tenir promesse ce mesure inscrire plan pauvret gouvernement concerner enfant grigny reste territoir ploiement dispositif
298,vaccin pourquoi royaum sili contrat million dose valneva million dose vaccin laboratoir franco autrichien devoir livr prochain royaume gouvernement retir brusquement cryptage
299,pierre abadi financ pouvoir sauver climat orier vers secteur carbonant investissement priv pargne mondial essentiel atteindre objectif climatique
300,affaire benalla trois autre venir comparaître trois retentir scandale secou elys alexandre benaller partir lundi pari vincent crase deux fonctionnaire fecture police pari
301,falloir savoir ligue fense noir africain souhaite dissoudre darmanin ministre rieur justifi ce cision suite incident survenir commun reuil savoir ce organisation contest
302,payer triomphe emball enqu business monumental contemporain trente cinq pont neuf tour triomphe empaquet nouveau entr contemporain espace public autofinanc christo
303,ecriture inclusif lettre ouvert julien bayou collectif linguiste bondir propos secr taire national europe ecologie vert cent entretien express vanter criture inclusif pondre lettre ouvert
304,classe ferm france sillusion valneva point pand gouvernement britannique annonc siliation contrat laboratoir franco autrichien porter million dose candidat vaccin
305,soignant ambulancier combien vaccin manquer appel mercredi quelque million professionnel travailler tiers soin concern entr vigueur mercredi obligation vaccinal celui toujours moindre dose exposer suspension
306,comment utilisation drone force ordre refaire discr tement surfacer article usage drone force ordre autrefois censur apparer amend nouveau projet curit rieure examin partir mardi assembl national
307,pari bruxelle ville transition circulaire organis seau bruxellois circlemade brussel partenariat inec occasion changer autour production urbain circuit court aussi logistique inverse mobilit doux upcycling programm accueil introduction ral isabelle grippa directrice ral brussel quell importance accord conomie circulaire chelle
308,tude dire conomie circulaire cosyst biodiversit vers approche conjoint occasion congr mondial nature marseille butant aujourd institut national conomie circulaire inec publier nouveau tude economie circulaire ecosyst biodiversit vers approche conjoint transition vers conomie circulaire naturellement pair protection cosyst servation ressource richesse sol protection
309,grer conomie circulaire chantier premi source chet france acteur secteur organiser faire chet ressource potentiel marge progression reste possible certain fili application principe conomie circulaire emploi utilisation gration matir recycl autant
310,publication tude pivoter vers industrie circulaire quel comment quel conomique circulaire quel frein adoption circularit industriel quel levier entreprise industriel circulaire lui activ inec opeo cabinet conseil transformation industriel associ aliser ce tude industrie circulaire durant voici produire
311,rapport activit inec 
312,labellisation economie circulaire cerema cerema pilote nouveau marche labellisation chell national domaine conomie circulaire projet objectif mettre lumi projet grent enjeu conomie circulaire label permettre mont comp tence ensembl acteur matir vention gestion chet issu
313,labellisation conomie circulaire ademe ademe disposition territoire ress conomie circulaire rentiel permettre aliser autonomie lieu rapide transverse politique territorial conomie circulaire utilisation rentiel permettre identifier action engager davantage renforcer plan action politique conomie circulaire ainsi
314,webinar mieux dire service conomie circulaire faire poids conomiqu fran commande public constitue levier majeur transition cologiqu exemplarit pouvoir public volume affaire engag impacter directement offrir conomiqu pratique fournisseur cente forme commande public france europe offrir
315,responsabilit largi producteur saco quel changement economie circulaire inec publier nouveau publication saco responsabilit largi producteur agec charger publication occasion cent publication cret porter forme responsabilit largi producteur parer pertinent revenir principe fonctionnement responsabilit largi producteur
316,cryptage strat vague novation europe commission europ enn commission europ enn publi strat vague novation renovation wave strategy annonc pacte vert europ destin liorer performance nerg tiqu timent commission entendre moins doubler taux novation cours prochain million timent pouvoir jusqu
317,focus collectivite territorial economie circulaire favoriser transition territoire vers conomie circulaire charger publication exacerb contexte crise sanitaire prise conscience collectif cessit transiter vers conomie plus silient inclusif circulaire depuis plusieurs pratique conomie circulaire multiplier territoire ce tendance vocation
318,webinaire responsabilit largi producteur saco novembre dernier cret venir former gime responsabilit largi producteur inscrire responsabilit largi producteur historiquement velopp france anmoins syst complexe financement produit trop connaître grand public
319,community management entreprise mature party hypoth analyse conclusion tude qualitatif orie permettre mieux comprendre processus communication entre diff rent ment situation quelconque donc important finir probl matiqu ensuite senter hypoth soudre comprendre probl partir concept
320,march cosm tique ligne avis consommateur sein celui chapitre moir march cosm tique satur concurrence roce cela vrai tout niveau niveau qualit prix marque cost marque premium jamais autant marque affront secteur cosm tiqu bien obtenir
321,comment bugatti prendre compte attente client bugatti constructeur automobile fran apparaître cialis voiture sport luxe marque faire prouesse technologique pouvoir observer chez hicule confirmer succ voiture comptabiliser plus
322,saas software service march cosm tique software service saas pouvoir traduire fran logiciels sous forme service ce notion coule autre appel cloud computing informatique nuage concept saas apparaître vers saas peser plus milliard euro
323,comment bugatti prendre compte nouveau technologie processu ation innovation technique design remarquable vitesse caract ristique bugatti facteur faire voiture oiver conserver valeur riode difficile comment bugatti prendre compte nouveau technologie processu
324,transformation digital rateur communication revue litt rature moir analyser transformation digital finir tout abord concept ainsi enjeu associ puis resser changement comportement client analyser galement digitalisation
325,probl matiqu rencontr strat gie mettre place ancrage durable march belge tude secteur gardiennage organe important tissu conomie mondial conomie belge particulier organe repr sentent entreprise belge plus entreprise couvrir tout type activit march belge chaque entreprise pouvoir employer
326,inclusion bancaire permettre lier relation commercial client partie moir banque fran aise voir divers moyen prot particulier agir leur besoin personnel ainsi soutenir inclusion bancaire banque devoir alors proposer leur client fragile financi rement offrir cifiqu service moyen paiement
327,image bugatti compatible valeur environnemental bugatti fabricant voiture fran aiser rachet groupe allemand volkswagen depuis fondateur italien ettore bugatti lanc soci ce marque luxe france acquérir putation hors pair cependant position
328,inclusion bancaire permettre lier relation commercial client partie moir notion inclusion bancaire renvoyer capacit particulier avoir usage service bancaire existant ailleurs galement aspect ventif surendettement ce notion apparaître suite paration gulation
329,brand culture influence marque employeur alisation tude qualitatif laboration questionnair cadr entretien individuel document questionnair adresser participant lors entretien individuel inscrire cadre tude qualitatif brand culture comment celui influence marque employeur
330,tant outil gestion efficace patrimoine cadr accompagnement expert comptable proposition plan moir travail recherche tenter mettre vidence devoir constituer outil basique fondamental gestion patrimoine cessite accompagnement expert
331,difficult ussite insertion professionnel jeune quartier prioritaire politique ville comment etat association allier atteindre galit chance plan moir introduction devoir contenir ralit contexte recherche justification choix sujet recherche motivation social scientifique identification formulation probl question recherch clair cise aliste
332,quoi volution actuel march musique classique transform mode consommation france industrie mondial musique connaître long riode tude expansion pendant plus quart environ milliard disque vendre monde nombre plus tripl directeur
333,faire levier innovation entreprendre responsabilit soci tal entreprise finir commission europ enn comme concept signe gration volontaire entreprise occupation social environnemental leur activit commercial leur relation leur party prenant
334,comment entreprise pouvoir faire pivoter business model face innovation technologique exemple oracle transformation licence vers cloud heure actuel compte tenir perspective situation conomiqu mondial changement technologique lieu derni devenir cessit indispensable entreprise adopter strat gie innovant garantir survivre
335,comment olympique lyonnais devenir ritabl marque commercial jour depuis cinquante football occupe place important coeur individu alors taire consid comme divertissement chang rang exploit comme ritabl business ainsi club amateur devenir professionnel
336,quel enjeu strat site vitrine plan moir document excellent base travail daction moir enjeux strat site vitrine contenir plan taill permettre daction page
337,inclusion public atypique travail agir particularit ration avi partag certain membre ration galement connaître sous millennials personne rale bien rue technologie lui auto expressif confiant ouvert nouveau
338,tude march restauration rapide chiffre affaire fast foods connaître baisse sans dent selon estimation inse valeur baiss puis rebond partiel encore faible augmentation autre preuve effondrement activit depuis
339,comment entreprendre adapter elles culture pratique manag riale face travail travail facilite flexibilit solide quilibre travail famille tout duire impact mobilit bien travail sentir avantage mettre oeuvre pratique travail ensembl avant sembler faire vitesse
340,attractivit secteur grand distribution plan probl matiqu moir master plan taill aide moir porter attractivit secteur grand distribution concentr marketing sensoriel grand surface agir aider orientation moir finir probl matiqu baser
341,analyse offrir demande secteur restauration rapide gare parisien march hamburger concentr domin trois marque mcdonald quick entreprise repr sentir essentiel march poss dent tiers base restauration implantation centre urbain quartier affaire march
342,droit fiscal petit entreprise ricaine aide sous partie moir gle contenu convention fiscal franco ricain concerner ventuel conflit imposition avant voquer principe subsidiarit finir vement unitaire pouvoir bien comprendre diff rence entre deux diff rence faire tout diff rence situation lorsqu voqu qualification constitutionnel
343,actionnariat salari comme levier performance entreprise camerounais etude empirique aller axer tude enqu aliser terrain effet penser celui permettre appr hender contour analyse plus donner opportunit pondre tout question
344,efficacit nerg tiqu transition nerg tiqu industrie quel enjeu avenir nergie besoin tout jour partout besoin maison chauffer clairer ville besoin placer usine besoin faire fonctionner machine volution industriel amorc notamment
345,silience industrie luxe riode crise plan moir inattendu changement faire aucun doute crise conomiqu provoqu pand coronavirus touch tout secteur notamment secteur luxe concerne commerce grand marque luxe principe
346,etude marketing groupe korian groupe korian oeuvre secteur soin accompagnement personne pays europ seau couvrir donc service soin domicil soin infirmier domicile bien fonctionner groupe korian faire appel plusieurs outil marketing blueprint
347,gociation plan taill moir document constitue point part daction moir page sujet gociation
348,pacte menacer opportunit produire pargn pacte ponse conomie fran aise transformation profond conomie clarer bruno maire devoir notamment touraine plan action croissance transformation entreprise pacte vaste plan gouvernemental viser
349,bien travail introduction plan moir face monde travail constant volution plein mutation che emploi cadence travail afin responsabiliser tout salari entreprise devoir contin ment adapter optimiser strat outre question bien travail
350,transformation riqu secteur grand distribution introduction plan taill moir grand distribution caract rise structure fortement concurrentiel objectif capter liser client apparition hypermarch cela cinquante constituer symbole consommation masse quentation hypermarch baisse
351,digitalisation assurance levier majeur valuation risque crise sanitaire covid apparaître printemp bouscul quilibre totalit acteur tout domaine confinement restriction limitation social fermeture commerce dire essentiel tout confront
352,comptabilit entreprise comptabilit invention ancien devoir adapter exigence conomie moderne gestion entreprendre largisser cadr champ activit point technologie traitement information ritabl syst
353,analyse strat giqu financi liquide medical systems alms liquide medical systems fusion trois entreprise taema france marko mefar italie electrocare systems service ind sentir tout abord liquide medical systems taema partement liquide devenir
354,analyse financi renault alis analyse financi taill groupe renault riode cela tudi ratio relatif management performance orier autour compte sultat group puis ratios relatif utilisation actif relatif
355,quel impact exchange traded fund volatilit march exchange traded fund finir comme instrument financier changent direct dire temps directement march concern soumettre contr exerc autorit march financier devoir appliquer gle
356,tude samsung rarchisation organisationnel horizontal effet nouveau organisation pass cheler prise cision effet organisation division chacun sidente chacun sident rendre compte
357,digital augmente potentiel croissance banque tail nouveau technologie profond ment modifi habitude norme comportement soci aussi bien plan individuel collectif googl amazon facebook microsoft netflix uber bien autre entreprise fondamentalement chang mani dont individu
358,imenprop imenprop constitu personne party service diff rent donne division horizontal travail chaque service responsable adjoint veille salari sous autorit faire bien travail
359,impact marketing digital commerce derni assist volution soci radicalement transform habitude achat consommateur fortiori strat gie marketing marque entreprise nouveau ration appel ultra connect pouvoir aujourd
360,guide pratique formation bouch secteur logistique transport depuis quelque secteur logistique transport plein essor tendance semble inverser bien contraire effet mondialisation essor commerce ligne tourisme masse encore localisation production firme
361,analyse swot ecomiam ecomiam enseign propose uniquement produit surgel faire agir entreprise familial prendre forme durant dont social situ quimper premier ecomiam ouvrir provenir entrepreneur daniel sauvaget noter
362,gestion projet veloppement commercial armor naturea situ bretagne brest quelque tre innombrable ressource naturel armor naturea entreprise cialis conception fabrication cosm tique marin depuis plus transformation algue actif marin
363,marketing magnum marque magnum connaître travers enti globe semble impossible jamais leur produit allemagne enseigne langnese magnum inscrire comme leader march fran segment glac revenir
364,force porter intel pendant quelque temps samsung entreprise intel corporation reprendre statut meilleur fabricant puce lectronique marque ricaine faire effort consid rable reprendre couronne march lectroniqu celui repr sentir dignement
365,analyse swot carrefour publi histoire carrefour commencer lors rencontre entre marcel fournier propri taire grand magasin annecy jacques dennis defforey propri taire magasin gros alentours lagnieu premier magasin carrefour ouvrir plus tard
366,force porter kiabi depuis crise sanitaire secteur porter connaître profond perturbation devoir fermeture nombreux magasin pendant riode confinement certains ferm finitivement leur porte nombreux secteur activit quoi
367,force porter walmart walmart principal fabricant grand taillant tat unis image ainsi taille refl ter puissance fort notori terme client fournisseur walmart toujours certain pouvoir fort position fonction
368,etude march haut joaillerie publi march joaillerie bijouterie synonyme industrie fortement velopp agrandissement quasi conster tout particuli rement secteur fran agir branche exception sein joaillerie traditionnel effectu notamment petit artisan
369,analyse swot randstad randstadt entreprise international cialis travail temporaire rimair ressource humain sens plus large groupe fond venir cinquante existence succ randstadt poss sormais environ agence
370,savoir motiver quipe moignage personnel partir exemple dire celui auteur anonyme agir apprendre bien conner mieux piloter diriger quipe surtout bien savoir motiver collaborateur pouvoir servir exemple importe quel individu terme
371,analyse pestel cdiscount cdiscount site vente ligne marque jour charl depuis cess velopper part entreprise tait cialis vente disque occasion puis diversifi sormai
372,marketing tiktok application mobile tiktok devenir plus plus incontournable cemment fusion application karaok musica propuls rang deuxi application plus charg nombre utilisateurs cesse multiplier dominance jeune
373,analyse pestel walmart walmart kroger carrefour voici podium classement plus grand entreprise grand consommation mond malgr intensit concurrentiel existant sein march walmart maintenir position leader chiffre affaire surprenant entreprise ricain
374,management quipe commercial sujet tude contenir information relatif fonctionnement quipe commercial enjeu tant motiver personne sentir plus challeng premi question suivant comment finir management pratiqu onard descaut
375,marketing intel entreprise ricain intel fond gordon moore andrew grove robert noyce dont social trouve santa clara californie entreprise informatique connaître ordinateur portable bourse hong kong nasdaq preuve
376,analyse pestel intel fond robbert noyce cordon moore santa clara californie intel corporation multinational ricain class aujourd deuxi plus grand entreprise fabrication puce microprocesseur mondial terme chiffr affaire adul
377,analyse pestel jerry soci ricain producteur glac fond burlington deux ami cohen jerry greenfield donner enseigne entreprise veloppe premi franchise ouvrir lequel distribue produit tout comme
378,analyse swot cdiscount cdiscount site internet vente internet site deux famille charle social entreprise situ bordeaux entreprise diversifi proposer initialement vente occasion
379,analyse swot magnum magnum marque glac chocolat haut gamme marque tenir groupe unilever forme segment part enti vaste univers group erlando britannique magnum commercialise glace pot tonnet ainsi sous forme bouch
380,analyse swot kiabi march porter connaître profond transformation arriv digitalisation comme celui crise sanitaire lourd con quence ensemble secteur effet commerc lectroniqu devenir mani
381,analyse pestel soci sigle international business machine corporation multinational ricain tenir activit fabrication logiciel riel informatique fabrication produire service informatique marque ricaine
382,analyse pestel fedex fede entreprise international service messagerie dition cours derni marque leader mondial march connaître fort croissance terme performance financi falloir savoir agir entreprise transport
383,marketing automobile publi secteur automobile celui plus volu espac cent ensembl crise conomique financi impact domaine cesse transformer devenir toujours plus indispensable consommateur fran comme tranger
384,avantage communication traditionnel grand distribution centre commercial face digital entreprise emeraude cadre formation cole gestion commerce bourg bresse afin valider derni tude cursus alise moir objectif ponse probl matiqu mesure stage cursu
385,analyse pestel syst syst entreprise fran aise dont rungi gion parisien agir coop rativ achat cialis grand distribution actuellement dominique schoelcher sident depuis suite historique embl matiqu sident
386,analyse pestel microsoft microsoft corporation entreprise technologique multinational ricain fond avril bill gates paul allen dont objectif principal taire veloppement vente interpr teur basic soci altair devenir sous traitant
387,marketing paypal paypal entreprise ricain cialis communication moyen paiement solument tourn vers riqu nouveau technologie paypal ambition principal permettre paiement alis ligne sans carte bancaire curis grand
388,comment amplifier rentabilit pargne salarial tout trisant environnement faible croissance premier obstacle lors choix tude alternance trouver entreprise celui correspondre crit choix tude accepte aider mener bien projet agricole titre brunoy essonne positair titre dont fonction
389,analyse sinistre gestion risque analyse historique sinistre rappeler pays personne divers entit existence multiple menace souligne fragilit face tel pisode nonobstant apparent protection laisse supposer progr technologique
390,marketing linkedin linkedin seau professionnel jour tat uni vise mettre relation professionnel quatre coin monde ambition lien entre coll gue ancien coll gue potentiel candidat recruteurs renforcer velopper
391,analyse swot airbnb publi airbnb fond lorsque fondateur brian chesky gebbia alis pouvoir gagner rapidement argent louer matelas pneumatique salon personne visiter francisco grand conf rence ensuite volu vers site
392,marketing nike publi afin faire face nombreux concurrent sent sein industrie quipement chaussure sport nike utilise marketing permettre renforcer capacit fense entreprise nike concurrence plusieurs entreprise industrie ailleurs
393,force porter microsoft microsoft multinational ricain oeuvrer domaine informatique fond bill gates paul allen effet microsoft corporation velopp vendre plusieurs produit tel syst exploitation logiciel soci souvent reconnaître
394,comment liorer visibilit entreprise internet publi plupart entreprendre trouver difficult booster visibilit marquer leur concurrent cela entreprise pouvoir monter strat digital engager prospects encore publier contenu attrayant optimi ailleurs plusieurs option astuce
395,pacte actionnaire publi lors ation nouveau firme start important prendre compte nombreux document juridique organisationnel devoir labor afin prot rennit entreprise pacte actionnaire faire alors partie document essentiel
396,analyse swot abercrombie fitch fond david thomas abercrombie ezra hasbrouck fitch abercrombie fitch entreprise ricain cialis vente tail tement accessoire social situ ohio cible principalement adolescent jeune adulte
397,segmentation marketing produit nestl branche produit laitier entreprise nestl tenir patronyme fondateur henri nestl multinational suisse social tabli nord vevey depuis origine entreprise nestl composer grand entreprise ainsi anglo suisse
398,marketing alors march mondial technologie information entreprise faire face concurrence roce fait devoir relever certains surpasser obstacle important conqu part march croissance revenir travers
399,nespresso analyse strat communication marque nespresso bien connaître grand public aujourd firme plus prosp derni propose produit utilis proportion croissant nage quotidien agir grand firme construire putation tenace
400,analyse pestel paypal paypal entreprise ricain cialis communication syst paiement objectif principal entreprise fournir moyen paiement alternatif carte bancaire fiable curi paiement alis ligne syst paypal
401,analyse pestel publi histoire commencer lorsque schueller jeune chimiste alsacien chement dipl institut chimie appliqu pari pose brevet proc teinture cheveu baptis deux plus tard fondre soci fran aise teinture
402,force porter heineken heineken groupe origin erlandaise cialis boisson envergure international groupe deuxi brasseur monde fond rard heineken poursuivre ensuite croissance stable organis abord europe
403,analyse swot pfizer entreprise pfizer fond tats unis deux immigrant allemand charles pfizer cousin charles erhart premier produit entreprise contre vers intestinau caramel comp tence pfizer tant chimiste formation
404,marketing heineken heineken deuxi brasseur monde matir taille entreprise chiffre affaire agir groupe mondial grand envergure origine erlandais group jour rard heineken heineken tenir environ part march chelle
405,marketing jerry jerry marque ricain commercialise sorbet glac sous forme pot carton fond cours jerry greenfield cohen nom retrouve marque premi boutique glace jerry
406,dossier gociation achat nouveau produit innovant march auchan montivillier vouloir aborder ce nouveau apporter nouveau gamme produire afin attirer nouveau client dynamiser vente direction ainsi service achat donc ress divers produit parmi glace black
407,comment construire business plan tape crucial lancement firme celui laboration business plan savoir document servir support senter source projet entrepreneurial crit principal tenant aboutissant afin parvenir alisation
408,marketing ebay derni secteur commerce content velopper plus encore livr concurrence rude commerce tail deux derni cennier commerce ligne conner succ industrie velopp lien direct
409,analyse swot audi fusion trois marque automobile allemand horch wanderer conglom faire appeler auto union repr sentir quatre anneau symboliser union entre constructeur sein groupe partition che faire segment audi voir
410,force porter emirate emirate compagnie rienn compter parmi plus connu plus important monde principal situ dubai mirat arabe unis emirate fond faire premi compagnie historique moyen orient principal
411,analyse swot jerry jerry marque ricain commercialise sorbet glac sous forme pot carton fond cours jerry greenfield cohen nom retrouve marque premi boutique glace jerry
412,gestion petit projet recrutement personnel probl pose parfois association incomp tence personne travailler projet autre association putation cause caract lucratif volontaire chercher employer personne
413,exemple contrat travail termin animateur rural texte dessous celui exemple contrat travail termin animateur rural entre employeur association veloppement organisation gouvernemental reconnaître minist riel janvier repr sentir
414,comment entreprise social pouvoir inspirer busines models capitaliste pondre enjeu social selon food agriculture organization million personne souffrir sous alimentation monde tandis plus milliard produit comestible chaque million hectare truit forestation
415,diagnostic mobilit cadre expert france sein direction ral ration rienne question entreprise france celui rencontre grave difficult conomique malgr instauration mesure efficace cours derni afin inverser ce tendance entreprise veloppe plan sauvegard emploi mobilit
416,marketing twitter twitter signifier litt ralement gazouillis anglais twitter seau social service microblogage dire utilisateurs pouvoir bloguer biais message court appel tweet princip twitter simple utilisateur pouvoir simplement
417,marketing nokia fond fredrik idestam mechelin nokia corporation soci finlandais nokia multinational oeuvrer secteur communication devenir premi fois leader fabrication phone mobile soci conserv
418,con quence pratique nouveau technologie changer donn informati mission expert comptable publi mani ral signe chang donn lectronique faire aliser transmission structur donn entre organisation entreprendre utiliser thode lectronique proc permettre chang fichier documentaire
419,chine bord faillite immobilier evergrand vouloir rassurant promoteur immobilier chinois croule sous dette plus milliard dollar
420,fret ferroviaire ligne rungis perpignan rouvrir octobre selon minist transport ce ligne inscrire cadre plan gouvernemental milliard euro veloppement fret ferroviaire
421,bretagne coop masque brade stock tenter viter bilan grand difficult financi soci coop rativ breton devoir couler stock million masque retrouver sorerie
422,fran estimer avoir perdre pouvoir achat emmanuel macron selon sondage fran juger galement gativ action conomiqu emmanuel macron depuis sultat sondage opinionway square
423,rouen carrefour teste abonnement destination client abonnement mensuel euro permettre obtenir duction lection produire
424,inquiet hausse prix lectricit aller adapter raconter nergie gouvernement pouvoir suffire compenser hausse
425,location encadrement loyer devoir sormais mentionn annonce immobili selon enqu publi janvier association consommateur clcv annonce logement pari taier conforme
426,droit litige notaire jouer aussi diateur afin sengorger tribunal particulier plus plus incit recourir diateur litige
427,australie fran alstom fournir train melbourn million euro constructeur fran fournir train banlieue construire place compo moins rial local
428,universal music bourse vivendi pare joyau coup financier bollor vivendi pare mondial production musical introduire bourse
429,emploi pourquoi cadre seniors valeur ajout entreprise rimer expert senior repr sentir part important cadre france peiner souvent retrouver emploi lorsqu devoir changer entreprise
430,seine maritime bloque sortie carburant site totalenergie affirme aucun produit sortir raffinerie depuis mardi
431,comment former riqu mettre tiers riqu relancer conomie
432,nice nice azur pingl agence fran aise anticorruption mediapart consulter dernier rapport organism rest confidentiel
433,assurance mage gouvernement ussir imposer forme allocation octobre syndicat venir aller nouveau attaquer texte justice
434,travailleur pendant artisan coin essentiel falloir avoir conscience selon jean christophe repon patrimoine personnel assurance mage sident emmanuel macron sentir ce semaine plan pendant lequel revenir jean christophe repon
435,veloppement fulgurer eurofins petit labo nantais devenir entreprise lanc nante entreprise familial eurofin devenir leader bioanalyse faire entr vendredi
436,immobilier payer quoi lors achat logement entre ventuel interm diaire document obligatoire payant transaction immobili entrer nombreux frais
437,sncf emmanuel macron sentir anniversaire savoir quel annonce compte faire sident voiler maquette grandeur nature moteur futur
438,chine tout comprendre isme provoqu immobilier evergrand deux expert pays pencher minute con quence possible difficult financi groupe
